{"train_loss": [1.3290504222446018, 1.260309765073988, 1.1952417214711508, 1.1243243514166938, 1.0564073191748724], "train_acc": [0.4677777777777778, 0.5155555555555555, 0.5422222222222223, 0.5677777777777778, 0.5972222222222222], "val_loss": [1.4354634205500285, 1.410971941947937, 1.4250099937121072, 1.4492546248435973, 1.4510403712590536], "val_acc": [0.4483333333333333, 0.4816666666666667, 0.4633333333333333, 0.455, 0.49]}